-- Insert additional cases with unique case numbers and proper UUIDs
INSERT INTO public.cases (id, case_number, title, description, complainant_name, respondent_name, status, priority, evidence_score, created_at, assigned_to, metadata) VALUES
('11111111-1111-1111-1111-111111111111', 'POSH-2024-010', 'Inappropriate Comments in Team Meetings', 'Repeated inappropriate comments and jokes during team meetings making the work environment hostile', 'Ananya Patel', 'John Smith', 'pending', 'high', 75, '2024-03-15 10:30:00+00', NULL, '{"incidentDetails": {"type": "verbal_harassment", "location": "Conference Room A", "date": "2024-03-10"}, "reportingDetails": {"isAnonymous": false, "contactMethod": "email"}}'),
('22222222-2222-2222-2222-222222222222', 'POSH-2024-011', 'Unwanted Physical Contact', 'Inappropriate touching and unwanted physical contact in the workplace', 'Anonymous', 'David Kumar', 'investigating', 'critical', 85, '2024-03-10 14:20:00+00', 'investigator@company.com', '{"incidentDetails": {"type": "physical_harassment", "location": "Office Floor 3", "date": "2024-03-08"}, "reportingDetails": {"isAnonymous": true, "contactMethod": "anonymous_hotline"}}'),
('33333333-3333-3333-3333-333333333333', 'POSH-2024-012', 'Discriminatory Behavior and Bias', 'Discriminatory comments based on gender during performance reviews', 'Emma Davis', 'Manager X', 'under_review', 'medium', 60, '2024-02-28 09:15:00+00', 'icc.chair@company.com', '{"incidentDetails": {"type": "discrimination", "location": "HR Office", "date": "2024-02-25"}, "reportingDetails": {"isAnonymous": false, "contactMethod": "in_person"}}'),
('44444444-4444-4444-4444-444444444444', 'POSH-2024-013', 'Retaliation After Complaint', 'Negative performance evaluation and work assignment changes after filing previous complaint', 'Sarah Johnson', 'Team Lead Y', 'closed', 'high', 90, '2024-02-15 11:45:00+00', 'investigator@company.com', '{"incidentDetails": {"type": "retaliation", "location": "Marketing Department", "date": "2024-02-10"}, "reportingDetails": {"isAnonymous": false, "contactMethod": "email"}}'),
('55555555-5555-5555-5555-555555555555', 'POSH-2024-014', 'Inappropriate Digital Communication', 'Unwanted personal messages and inappropriate content shared via company communication channels', 'Anonymous', 'Sales Rep Z', 'pending', 'medium', 45, '2024-03-12 16:00:00+00', NULL, '{"incidentDetails": {"type": "digital_harassment", "location": "Remote/Digital", "date": "2024-03-05"}, "reportingDetails": {"isAnonymous": true, "contactMethod": "anonymous_form"}}'),
('66666666-6666-6666-6666-666666666666', 'POSH-2024-015', 'Hostile Work Environment', 'Creating a hostile environment through exclusion and intimidation tactics', 'Priya Singh', 'Department Head', 'mediation', 'medium', 55, '2024-03-08 13:15:00+00', 'icc.chair@company.com', '{"incidentDetails": {"type": "workplace_bullying", "location": "Operations Floor", "date": "2024-03-05"}, "reportingDetails": {"isAnonymous": false, "contactMethod": "formal_meeting"}}');

-- Insert evidence for the new cases with proper UUIDs
INSERT INTO public.evidence (id, case_id, type, description, score, ai_analysis, metadata) VALUES
('f1111111-1111-1111-1111-111111111111', '11111111-1111-1111-1111-111111111111', 'email', 'Email thread containing inappropriate comments', 40, '{"contentAnalysis": "High probability of inappropriate content", "keyFindings": ["inappropriate language", "hostile tone"], "confidenceLevel": 0.87}', '{"fileDetails": {"name": "email_thread.pdf", "size": 245000, "type": "application/pdf"}}'),
('f2222222-2222-2222-2222-222222222222', '11111111-1111-1111-1111-111111111111', 'witness_statement', 'Testimony from meeting attendee', 35, '{"reliability": "high", "consistency": 0.92, "detail_level": "comprehensive"}', '{"witnessDetails": {"role": "colleague", "department": "Marketing"}}'),
('f3333333-3333-3333-3333-333333333333', '22222222-2222-2222-2222-222222222222', 'digital_evidence', 'Security camera footage from incident location', 50, '{"contentAnalysis": "Clear evidence of inappropriate contact", "keyFindings": ["physical contact", "victim distress"], "confidenceLevel": 0.95}', '{"fileDetails": {"name": "security_footage.mp4", "size": 15000000, "type": "video/mp4"}}'),
('f4444444-4444-4444-4444-444444444444', '22222222-2222-2222-2222-222222222222', 'witness_statement', 'Witness account from colleague', 35, '{"reliability": "high", "consistency": 0.89, "detail_level": "detailed"}', '{"witnessDetails": {"role": "colleague", "department": "Engineering"}}'),
('f5555555-5555-5555-5555-555555555555', '33333333-3333-3333-3333-333333333333', 'document', 'Performance review documents showing bias', 25, '{"contentAnalysis": "Evidence of potential bias in language", "keyFindings": ["gender-specific language", "inconsistent criteria"], "confidenceLevel": 0.73}', '{"fileDetails": {"name": "performance_reviews.pdf", "size": 180000, "type": "application/pdf"}}'),
('f6666666-6666-6666-6666-666666666666', '44444444-4444-4444-4444-444444444444', 'document', 'Work assignment changes documentation', 45, '{"contentAnalysis": "Clear pattern of retaliation", "keyFindings": ["timing correlation", "negative changes"], "confidenceLevel": 0.91}', '{"fileDetails": {"name": "assignment_changes.pdf", "size": 95000, "type": "application/pdf"}}'),
('f7777777-7777-7777-7777-777777777777', '55555555-5555-5555-5555-555555555555', 'chat_log', 'Screenshots of inappropriate messages', 45, '{"contentAnalysis": "Inappropriate content in digital communications", "keyFindings": ["inappropriate messages", "unwanted advances"], "confidenceLevel": 0.84}', '{"fileDetails": {"name": "message_screenshots.png", "size": 125000, "type": "image/png"}}'),
('f8888888-8888-8888-8888-888888888888', '66666666-6666-6666-6666-666666666666', 'witness_statement', 'Multiple witness accounts of exclusionary behavior', 30, '{"reliability": "medium", "consistency": 0.78, "detail_level": "moderate"}', '{"witnessDetails": {"role": "team_members", "department": "Operations"}}');

-- Insert compliance deadlines for new cases with proper UUIDs
INSERT INTO public.compliance_deadlines (id, case_id, deadline_type, deadline_date, description, status, urgency_level) VALUES
('e1111111-1111-1111-1111-111111111111', '11111111-1111-1111-1111-111111111111', 'acknowledgment', '2024-03-17 10:30:00+00', 'Acknowledge receipt of complaint (48 hours)', 'completed', 'high'),
('e2222222-2222-2222-2222-222222222222', '11111111-1111-1111-1111-111111111111', 'investigation_start', '2024-03-22 10:30:00+00', 'Begin formal investigation process', 'pending', 'medium'),
('e3333333-3333-3333-3333-333333333333', '11111111-1111-1111-1111-111111111111', 'investigation_completion', '2024-06-13 10:30:00+00', 'Complete investigation and provide findings (POSH Act requirement)', 'pending', 'critical'),
('e4444444-4444-4444-4444-444444444444', '22222222-2222-2222-2222-222222222222', 'acknowledgment', '2024-03-12 14:20:00+00', 'Acknowledge receipt of complaint (48 hours)', 'completed', 'high'),
('e5555555-5555-5555-5555-555555555555', '22222222-2222-2222-2222-222222222222', 'investigation_start', '2024-03-17 14:20:00+00', 'Begin formal investigation process', 'completed', 'medium'),
('e6666666-6666-6666-6666-666666666666', '22222222-2222-2222-2222-222222222222', 'investigation_completion', '2024-06-08 14:20:00+00', 'Complete investigation and provide findings (POSH Act requirement)', 'pending', 'critical'),
('e7777777-7777-7777-7777-777777777777', '33333333-3333-3333-3333-333333333333', 'acknowledgment', '2024-03-01 09:15:00+00', 'Acknowledge receipt of complaint (48 hours)', 'completed', 'high'),
('e8888888-8888-8888-8888-888888888888', '33333333-3333-3333-3333-333333333333', 'investigation_completion', '2024-05-28 09:15:00+00', 'Complete investigation and provide findings (POSH Act requirement)', 'pending', 'critical'),
('e9999999-9999-9999-9999-999999999999', '44444444-4444-4444-4444-444444444444', 'acknowledgment', '2024-02-17 11:45:00+00', 'Acknowledge receipt of complaint (48 hours)', 'completed', 'high'),
('eaaaaaaa-aaaa-aaaa-aaaa-aaaaaaaaaaaa', '44444444-4444-4444-4444-444444444444', 'investigation_completion', '2024-05-15 11:45:00+00', 'Complete investigation and provide findings (POSH Act requirement)', 'completed', 'critical');